Country,Item,Year,Value
Afghanistan,Mean BMI,1978,19.2941496345
Albania,Mean BMI,1978,24.0553762756
Algeria,Mean BMI,1978,22.2009007663
American Samoa,Mean BMI,1978,31.2794144446
Andorra,Mean BMI,1978,25.7745649809
Angola,Mean BMI,1978,19.1636444178
Antigua and Barbuda,Mean BMI,1978,23.1021660936
Argentina,Mean BMI,1978,24.4548489608
Armenia,Mean BMI,1978,24.4763806954
Australia,Mean BMI,1978,24.2195243903
Austria,Mean BMI,1978,24.2341508499
Azerbaijan,Mean BMI,1978,23.9817228428
Bahamas,Mean BMI,1978,24.8284968746
Bahrain,Mean BMI,1978,25.3137365018
Bangladesh,Mean BMI,1978,17.7630749762
Barbados,Mean BMI,1978,25.2383048704
Belarus,Mean BMI,1978,24.3019924126
Belgium,Mean BMI,1978,25.0644800639
Belize,Mean BMI,1978,25.3638938768
Benin,Mean BMI,1978,19.2629855095
Bermuda,Mean BMI,1978,26.2640663622
Bhutan,Mean BMI,1978,19.3827295437
Bolivia,Mean BMI,1978,22.085102617
Bosnia and Herzegovina,Mean BMI,1978,23.7267550833
Botswana,Mean BMI,1978,20.8083499816
Brazil,Mean BMI,1978,23.0140261856
Brunei Darussalam,Mean BMI,1978,23.34804784
Bulgaria,Mean BMI,1978,24.4514035912
Burkina Faso,Mean BMI,1978,18.8589881348
Burundi,Mean BMI,1978,18.498554776
Cabo Verde,Mean BMI,1978,20.2189815623
Cambodia,Mean BMI,1978,18.5614011948
Cameroon,Mean BMI,1978,20.3565636753
Canada,Mean BMI,1978,24.5510962423
Central African Republic,Mean BMI,1978,19.4083197498
Chad,Mean BMI,1978,18.8616682092
Chile,Mean BMI,1978,25.1605461371
China,Mean BMI,1978,21.2366687489
China (Hong Kong SAR),Mean BMI,1978,22.2955199824
Colombia,Mean BMI,1978,22.4768510912
Comoros,Mean BMI,1978,19.996565939
Congo,Mean BMI,1978,19.9060342868
Cook Islands,Mean BMI,1978,28.9329902296
Costa Rica,Mean BMI,1978,22.9584156398
Croatia,Mean BMI,1978,24.0004356436
Cuba,Mean BMI,1978,22.980421518
Cyprus,Mean BMI,1978,24.2008281287
Czech Republic,Mean BMI,1978,26.4111030207
Denmark,Mean BMI,1978,23.8909864142
Djibouti,Mean BMI,1978,22.0287651998
Dominica,Mean BMI,1978,23.0652922345
Dominican Republic,Mean BMI,1978,22.5533443664
DR Congo,Mean BMI,1978,18.732191453
Ecuador,Mean BMI,1978,22.7534132243
Egypt,Mean BMI,1978,25.0549655542
El Salvador,Mean BMI,1978,23.0562082684
Equatorial Guinea,Mean BMI,1978,20.225590147
Eritrea,Mean BMI,1978,18.4018441005
Estonia,Mean BMI,1978,24.5757126284
Ethiopia,Mean BMI,1978,17.9884506892
Fiji,Mean BMI,1978,23.7370308826
Finland,Mean BMI,1978,24.6058904315
France,Mean BMI,1978,24.5048219377
French Polynesia,Mean BMI,1978,27.5610660228
Gabon,Mean BMI,1978,20.5196753177
Gambia,Mean BMI,1978,18.9216362688
Georgia,Mean BMI,1978,23.9477842717
Germany,Mean BMI,1978,24.6193323136
Ghana,Mean BMI,1978,20.1116355738
Greece,Mean BMI,1978,25.5789699896
Greenland,Mean BMI,1978,24.4621861525
Grenada,Mean BMI,1978,23.1273143086
Guatemala,Mean BMI,1978,22.2508648953
Guinea,Mean BMI,1978,19.4995566352
Guinea Bissau,Mean BMI,1978,19.4260513397
Guyana,Mean BMI,1978,22.6527485763
Haiti,Mean BMI,1978,20.8446611029
Honduras,Mean BMI,1978,21.6046909104
Hungary,Mean BMI,1978,24.9225950384
Iceland,Mean BMI,1978,24.0952332394
India,Mean BMI,1978,18.8638706994
Indonesia,Mean BMI,1978,19.5909821786
Iran,Mean BMI,1978,22.9013068322
Iraq,Mean BMI,1978,24.8870957135
Ireland,Mean BMI,1978,24.0635377155
Israel,Mean BMI,1978,24.6574689426
Italy,Mean BMI,1978,24.6132151957
Ivory Coast,Mean BMI,1978,20.5044859219
Jamaica,Mean BMI,1978,22.8905073697
Japan,Mean BMI,1978,22.1816940906
Jordan,Mean BMI,1978,25.6484891109
Kazakhstan,Mean BMI,1978,24.4109623357
Kenya,Mean BMI,1978,19.6150873425
Kiribati,Mean BMI,1978,24.9063656334
Kuwait,Mean BMI,1978,26.8571849331
Kyrgyzstan,Mean BMI,1978,22.7358090139
Laos,Mean BMI,1978,18.99042748
Latvia,Mean BMI,1978,24.6866832249
Lebanon,Mean BMI,1978,24.1674543078
Lesotho,Mean BMI,1978,22.1055445503
Liberia,Mean BMI,1978,20.3906252667
Libya,Mean BMI,1978,24.9046281862
Lithuania,Mean BMI,1978,25.8398969341
Luxembourg,Mean BMI,1978,24.4401036571
Macedonia (TFYR),Mean BMI,1978,24.671521975
Madagascar,Mean BMI,1978,18.8514786892
Malawi,Mean BMI,1978,19.4598457258
Malaysia,Mean BMI,1978,21.1646035347
Maldives,Mean BMI,1978,20.7844667593
Mali,Mean BMI,1978,19.0290305618
Malta,Mean BMI,1978,26.3723250339
Marshall Islands,Mean BMI,1978,26.9611166801
Mauritania,Mean BMI,1978,20.6811472661
Mauritius,Mean BMI,1978,22.5399921256
Mexico,Mean BMI,1978,23.8243575892
Micronesia (Federated States of),Mean BMI,1978,26.3784836066
Moldova,Mean BMI,1978,24.4384394455
Mongolia,Mean BMI,1978,22.5808973028
Montenegro,Mean BMI,1978,23.5527099321
Morocco,Mean BMI,1978,22.4050460954
Mozambique,Mean BMI,1978,18.8497389241
Myanmar,Mean BMI,1978,19.7120227999
Namibia,Mean BMI,1978,21.0443893765
Nauru,Mean BMI,1978,32.7913386153
Nepal,Mean BMI,1978,18.1415287738
Netherlands,Mean BMI,1978,23.6078163283
New Zealand,Mean BMI,1978,24.3684571522
Nicaragua,Mean BMI,1978,23.31982429
Niger,Mean BMI,1978,18.8053737552
Nigeria,Mean BMI,1978,20.3341510916
Niue,Mean BMI,1978,28.058249278
North Korea,Mean BMI,1978,21.9347409732
Norway,Mean BMI,1978,24.4739822017
Occupied Palestinian Territory,Mean BMI,1978,25.1410431246
Oman,Mean BMI,1978,23.1767879561
Pakistan,Mean BMI,1978,20.0781505423
Palau,Mean BMI,1978,27.4941421059
Panama,Mean BMI,1978,23.0732458738
Papua New Guinea,Mean BMI,1978,21.1769371189
Paraguay,Mean BMI,1978,22.6284285101
Peru,Mean BMI,1978,23.279219946
Philippines,Mean BMI,1978,20.1187443224
Poland,Mean BMI,1978,25.016671664
Portugal,Mean BMI,1978,24.2205133342
Puerto Rico,Mean BMI,1978,24.6643606436
Qatar,Mean BMI,1978,26.2712511896
Romania,Mean BMI,1978,23.58628027
Russian Federation,Mean BMI,1978,25.2751555654
Rwanda,Mean BMI,1978,18.6755590266
Saint Kitts and Nevis,Mean BMI,1978,25.0216330219
Saint Lucia,Mean BMI,1978,23.3756368851
Saint Vincent and the Grenadines,Mean BMI,1978,23.1012890961
Samoa,Mean BMI,1978,27.1471141103
Sao Tome and Principe,Mean BMI,1978,20.8273570797
Saudi Arabia,Mean BMI,1978,25.4678099231
Senegal,Mean BMI,1978,20.1542141302
Serbia,Mean BMI,1978,24.4373321368
Seychelles,Mean BMI,1978,23.0938329595
Sierra Leone,Mean BMI,1978,20.1247073863
Singapore,Mean BMI,1978,23.1526066106
Slovakia,Mean BMI,1978,24.7042252377
Slovenia,Mean BMI,1978,24.2814033002
Solomon Islands,Mean BMI,1978,22.3532789019
Somalia,Mean BMI,1978,19.995733224
South Africa,Mean BMI,1978,24.4468550989
South Korea,Mean BMI,1978,20.8854154475
Spain,Mean BMI,1978,25.0614817219
Sri Lanka,Mean BMI,1978,19.7560431381
Sudan,Mean BMI,1978,20.8334905362
Suriname,Mean BMI,1978,23.5103579753
Swaziland,Mean BMI,1978,23.0110994505
Sweden,Mean BMI,1978,23.7929058991
Switzerland,Mean BMI,1978,23.8120418872
Syrian Arab Republic,Mean BMI,1978,24.8133080445
Taiwan,Mean BMI,1978,21.344162328
Tajikistan,Mean BMI,1978,22.4512194719
Tanzania,Mean BMI,1978,19.7058233117
Thailand,Mean BMI,1978,20.7799863054
Timor-Leste,Mean BMI,1978,18.139544945
Togo,Mean BMI,1978,19.5086586748
Tokelau,Mean BMI,1978,28.0450535007
Tonga,Mean BMI,1978,28.3366143452
Trinidad and Tobago,Mean BMI,1978,23.915087903
Tunisia,Mean BMI,1978,23.0807853728
Turkey,Mean BMI,1978,24.1109554137
Turkmenistan,Mean BMI,1978,23.0951608984
Tuvalu,Mean BMI,1978,26.7241087841
Uganda,Mean BMI,1978,18.9529183457
Ukraine,Mean BMI,1978,24.7700120456
United Arab Emirates,Mean BMI,1978,26.1365243825
United Kingdom,Mean BMI,1978,24.0479008157
United States of America,Mean BMI,1978,25.2027208946
Uruguay,Mean BMI,1978,24.4817851054
Uzbekistan,Mean BMI,1978,22.744365353
Vanuatu,Mean BMI,1978,23.028917063
Venezuela,Mean BMI,1978,24.3532388187
Vietnam,Mean BMI,1978,18.3686700964
Yemen,Mean BMI,1978,20.078946544
Zambia,Mean BMI,1978,19.9060302599
Zimbabwe,Mean BMI,1978,22.2186180294
Afghanistan,Mean BMI,1983,19.9005132969
Albania,Mean BMI,1983,24.3438281011
Algeria,Mean BMI,1983,22.7045605985
American Samoa,Mean BMI,1983,32.3184695187
Andorra,Mean BMI,1983,26.134754908
Angola,Mean BMI,1983,19.7698000219
Antigua and Barbuda,Mean BMI,1983,23.5768518651
Argentina,Mean BMI,1983,24.8779720975
Armenia,Mean BMI,1983,24.8619410098
Australia,Mean BMI,1983,24.6089587006
Austria,Mean BMI,1983,24.3177175513
Azerbaijan,Mean BMI,1983,24.4085350892
Bahamas,Mean BMI,1983,25.303779773
Bahrain,Mean BMI,1983,25.4887245763
Bangladesh,Mean BMI,1983,18.4184334638
Barbados,Mean BMI,1983,25.5789793094
Belarus,Mean BMI,1983,24.7344177539
Belgium,Mean BMI,1983,25.0974329633
Belize,Mean BMI,1983,25.7863533839
Benin,Mean BMI,1983,20.0056200101
Bermuda,Mean BMI,1983,26.5002123826
Bhutan,Mean BMI,1983,20.0377693875
Bolivia,Mean BMI,1983,22.6963699889
Bosnia and Herzegovina,Mean BMI,1983,24.1125864464
Botswana,Mean BMI,1983,21.4627306933
Brazil,Mean BMI,1983,23.4842092311
Brunei Darussalam,Mean BMI,1983,23.7050789501
Bulgaria,Mean BMI,1983,24.7828692247
Burkina Faso,Mean BMI,1983,19.3753281384
Burundi,Mean BMI,1983,19.0268540175
Cabo Verde,Mean BMI,1983,20.8517602306
Cambodia,Mean BMI,1983,19.0658684892
Cameroon,Mean BMI,1983,21.0731339252
Canada,Mean BMI,1983,24.8982432793
Central African Republic,Mean BMI,1983,19.9583583679
Chad,Mean BMI,1983,19.4376218539
Chile,Mean BMI,1983,25.568298755
China,Mean BMI,1983,21.5432977128
China (Hong Kong SAR),Mean BMI,1983,22.5977610848
Colombia,Mean BMI,1983,23.0761986362
Comoros,Mean BMI,1983,20.6880778421
Congo,Mean BMI,1983,20.5194630402
Cook Islands,Mean BMI,1983,29.7110306785
Costa Rica,Mean BMI,1983,23.5957843645
Croatia,Mean BMI,1983,24.4782865573
Cuba,Mean BMI,1983,23.4109688873
Cyprus,Mean BMI,1983,24.9193866025
Czech Republic,Mean BMI,1983,26.6434882913
Denmark,Mean BMI,1983,24.0998458306
Djibouti,Mean BMI,1983,22.5656350668
Dominica,Mean BMI,1983,23.6710989986
Dominican Republic,Mean BMI,1983,23.2081686973
DR Congo,Mean BMI,1983,19.1969134238
Ecuador,Mean BMI,1983,23.3871950092
Egypt,Mean BMI,1983,25.6822157548
El Salvador,Mean BMI,1983,23.7245193565
Equatorial Guinea,Mean BMI,1983,20.7493169684
Eritrea,Mean BMI,1983,18.8862894005
Estonia,Mean BMI,1983,24.8030567637
Ethiopia,Mean BMI,1983,18.4774581389
Fiji,Mean BMI,1983,24.3728447824
Finland,Mean BMI,1983,24.8621051841
France,Mean BMI,1983,24.5818031174
French Polynesia,Mean BMI,1983,28.2430695833
Gabon,Mean BMI,1983,21.4833705347
Gambia,Mean BMI,1983,19.6061360643
Georgia,Mean BMI,1983,24.4469488132
Germany,Mean BMI,1983,24.8206686616
Ghana,Mean BMI,1983,20.6651081332
Greece,Mean BMI,1983,25.8894720728
Greenland,Mean BMI,1983,24.6846370355
Grenada,Mean BMI,1983,23.5988938229
Guatemala,Mean BMI,1983,22.8546327282
Guinea,Mean BMI,1983,20.1145280041
Guinea Bissau,Mean BMI,1983,20.0024967127
Guyana,Mean BMI,1983,23.1218617776
Haiti,Mean BMI,1983,21.3248046483
Honduras,Mean BMI,1983,22.3538108631
Hungary,Mean BMI,1983,25.2474706572
Iceland,Mean BMI,1983,24.3794713804
India,Mean BMI,1983,19.3893239396
Indonesia,Mean BMI,1983,20.0583245101
Iran,Mean BMI,1983,23.4796518755
Iraq,Mean BMI,1983,25.5007665328
Ireland,Mean BMI,1983,24.5486075809
Israel,Mean BMI,1983,24.9846385401
Italy,Mean BMI,1983,24.7742301921
Ivory Coast,Mean BMI,1983,21.1086987134
Jamaica,Mean BMI,1983,23.4837820915
Japan,Mean BMI,1983,22.2732822491
Jordan,Mean BMI,1983,26.1802378226
Kazakhstan,Mean BMI,1983,24.7724444573
Kenya,Mean BMI,1983,20.2458323485
Kiribati,Mean BMI,1983,26.0592245413
Kuwait,Mean BMI,1983,27.4194344547
Kyrgyzstan,Mean BMI,1983,23.2260670822
Laos,Mean BMI,1983,19.4809016655
Latvia,Mean BMI,1983,24.9517528487
Lebanon,Mean BMI,1983,24.8230707768
Lesotho,Mean BMI,1983,22.5427896837
Liberia,Mean BMI,1983,21.1205368244
Libya,Mean BMI,1983,25.6655760539
Lithuania,Mean BMI,1983,26.0225566817
Luxembourg,Mean BMI,1983,24.68870282
Macedonia (TFYR),Mean BMI,1983,24.9875293925
Madagascar,Mean BMI,1983,19.3434285036
Malawi,Mean BMI,1983,20.0290441018
Malaysia,Mean BMI,1983,21.8136386779
Maldives,Mean BMI,1983,21.501046444
Mali,Mean BMI,1983,19.6170804167
Malta,Mean BMI,1983,26.4783701112
Marshall Islands,Mean BMI,1983,27.6591358317
Mauritania,Mean BMI,1983,21.4963922782
Mauritius,Mean BMI,1983,23.0460789874
Mexico,Mean BMI,1983,24.5700387427
Micronesia (Federated States of),Mean BMI,1983,27.198409322
Moldova,Mean BMI,1983,24.8664480786
Mongolia,Mean BMI,1983,23.0649236969
Montenegro,Mean BMI,1983,24.0207864039
Morocco,Mean BMI,1983,22.9603824102
Mozambique,Mean BMI,1983,19.520348477
Myanmar,Mean BMI,1983,20.1057254466
Namibia,Mean BMI,1983,21.5136920746
Nauru,Mean BMI,1983,33.2984871512
Nepal,Mean BMI,1983,18.7327744431
Netherlands,Mean BMI,1983,23.8535834208
New Zealand,Mean BMI,1983,24.8038834756
Nicaragua,Mean BMI,1983,23.9161840114
Niger,Mean BMI,1983,19.3214222632
Nigeria,Mean BMI,1983,20.8353595636
Niue,Mean BMI,1983,29.078725872
North Korea,Mean BMI,1983,22.231568053
Norway,Mean BMI,1983,24.622204896
Occupied Palestinian Territory,Mean BMI,1983,25.7247781767
Oman,Mean BMI,1983,23.9079045884
Pakistan,Mean BMI,1983,20.6780952869
Palau,Mean BMI,1983,28.1998381801
Panama,Mean BMI,1983,23.6406033692
Papua New Guinea,Mean BMI,1983,21.9402214659
Paraguay,Mean BMI,1983,23.163784234
Peru,Mean BMI,1983,23.7297093434
Philippines,Mean BMI,1983,20.6739574827
Poland,Mean BMI,1983,25.1907221707
Portugal,Mean BMI,1983,24.5186161767
Puerto Rico,Mean BMI,1983,25.3471734553
Qatar,Mean BMI,1983,26.6267390556
Romania,Mean BMI,1983,23.9320276987
Russian Federation,Mean BMI,1983,25.4677221787
Rwanda,Mean BMI,1983,19.1898213363
Saint Kitts and Nevis,Mean BMI,1983,25.5907900213
Saint Lucia,Mean BMI,1983,24.1115656288
Saint Vincent and the Grenadines,Mean BMI,1983,23.6677035171
Samoa,Mean BMI,1983,28.1259004375
Sao Tome and Principe,Mean BMI,1983,21.4019467476
Saudi Arabia,Mean BMI,1983,26.2059053308
Senegal,Mean BMI,1983,20.6765116485
Serbia,Mean BMI,1983,24.7328826825
Seychelles,Mean BMI,1983,23.7789109813
Sierra Leone,Mean BMI,1983,20.6380464328
Singapore,Mean BMI,1983,23.2622684535
Slovakia,Mean BMI,1983,25.0679809266
Slovenia,Mean BMI,1983,24.7098200905
Solomon Islands,Mean BMI,1983,23.0428452685
Somalia,Mean BMI,1983,20.5406782955
South Africa,Mean BMI,1983,24.8363521255
South Korea,Mean BMI,1983,21.5427610487
Spain,Mean BMI,1983,25.3796354207
Sri Lanka,Mean BMI,1983,20.164560657
Sudan,Mean BMI,1983,21.4677088802
Suriname,Mean BMI,1983,24.2263503369
Swaziland,Mean BMI,1983,23.6935044883
Sweden,Mean BMI,1983,24.0288653142
Switzerland,Mean BMI,1983,23.920973148
Syrian Arab Republic,Mean BMI,1983,25.3488259262
Taiwan,Mean BMI,1983,21.9399176648
Tajikistan,Mean BMI,1983,22.8339160731
Tanzania,Mean BMI,1983,20.3736100266
Thailand,Mean BMI,1983,21.3654568296
Timor-Leste,Mean BMI,1983,18.5746490265
Togo,Mean BMI,1983,20.0848616529
Tokelau,Mean BMI,1983,29.0478906985
Tonga,Mean BMI,1983,29.2699193852
Trinidad and Tobago,Mean BMI,1983,24.3646744624
Tunisia,Mean BMI,1983,23.5904789121
Turkey,Mean BMI,1983,24.7352196545
Turkmenistan,Mean BMI,1983,23.4638853146
Tuvalu,Mean BMI,1983,27.7232106792
Uganda,Mean BMI,1983,19.4745657718
Ukraine,Mean BMI,1983,25.0525734553
United Arab Emirates,Mean BMI,1983,26.5111600311
United Kingdom,Mean BMI,1983,24.5093198389
United States of America,Mean BMI,1983,25.5896850634
Uruguay,Mean BMI,1983,24.8103370083
Uzbekistan,Mean BMI,1983,23.2722841301
Vanuatu,Mean BMI,1983,23.716265824
Venezuela,Mean BMI,1983,24.8789372356
Vietnam,Mean BMI,1983,18.7080426369
Yemen,Mean BMI,1983,20.6074811034
Zambia,Mean BMI,1983,20.4810933696
Zimbabwe,Mean BMI,1983,22.5430617661
Afghanistan,Mean BMI,1988,20.4673826041
Albania,Mean BMI,1988,24.6121336234
Algeria,Mean BMI,1988,23.2408012424
American Samoa,Mean BMI,1988,33.2516331841
Andorra,Mean BMI,1988,26.4008172577
Angola,Mean BMI,1988,20.3674675113
Antigua and Barbuda,Mean BMI,1988,24.0583227705
Argentina,Mean BMI,1988,25.3044595177
Armenia,Mean BMI,1988,25.1763641275
Australia,Mean BMI,1988,25.0786724274
Austria,Mean BMI,1988,24.478527542
Azerbaijan,Mean BMI,1988,24.8133084014
Bahamas,Mean BMI,1988,25.7731434888
Bahrain,Mean BMI,1988,25.6389429706
Bangladesh,Mean BMI,1988,18.9949952146
Barbados,Mean BMI,1988,25.8040204136
Belarus,Mean BMI,1988,25.0856706409
Belgium,Mean BMI,1988,25.1892634943
Belize,Mean BMI,1988,26.2212617059
Benin,Mean BMI,1988,20.6728585298
Bermuda,Mean BMI,1988,26.7473143028
Bhutan,Mean BMI,1988,20.6923276039
Bolivia,Mean BMI,1988,23.3373131328
Bosnia and Herzegovina,Mean BMI,1988,24.4009015984
Botswana,Mean BMI,1988,22.2443356982
Brazil,Mean BMI,1988,23.9222507562
Brunei Darussalam,Mean BMI,1988,24.1688016226
Bulgaria,Mean BMI,1988,25.008654949
Burkina Faso,Mean BMI,1988,19.8943235663
Burundi,Mean BMI,1988,19.5482023292
Cabo Verde,Mean BMI,1988,21.6446235923
Cambodia,Mean BMI,1988,19.6320113868
Cameroon,Mean BMI,1988,21.7205850128
Canada,Mean BMI,1988,25.3266766252
Central African Republic,Mean BMI,1988,20.4606682654
Chad,Mean BMI,1988,19.9293131203
Chile,Mean BMI,1988,25.9260527822
China,Mean BMI,1988,21.8574904067
China (Hong Kong SAR),Mean BMI,1988,22.9117605409
Colombia,Mean BMI,1988,23.66270206
Comoros,Mean BMI,1988,21.3782905734
Congo,Mean BMI,1988,21.0782510347
Cook Islands,Mean BMI,1988,30.4630895403
Costa Rica,Mean BMI,1988,24.2562345942
Croatia,Mean BMI,1988,24.8507500629
Cuba,Mean BMI,1988,23.7978026978
Cyprus,Mean BMI,1988,25.4843216875
Czech Republic,Mean BMI,1988,26.6934819709
Denmark,Mean BMI,1988,24.3513138261
Djibouti,Mean BMI,1988,22.9954222966
Dominica,Mean BMI,1988,24.3509781214
Dominican Republic,Mean BMI,1988,23.7535418647
DR Congo,Mean BMI,1988,19.6608957725
Ecuador,Mean BMI,1988,24.010063125
Egypt,Mean BMI,1988,26.2911736203
El Salvador,Mean BMI,1988,24.3921214859
Equatorial Guinea,Mean BMI,1988,21.3298291371
Eritrea,Mean BMI,1988,19.3493993359
Estonia,Mean BMI,1988,24.9764008992
Ethiopia,Mean BMI,1988,18.952993345
Fiji,Mean BMI,1988,24.9885652546
Finland,Mean BMI,1988,25.1767399392
France,Mean BMI,1988,24.6608269966
French Polynesia,Mean BMI,1988,28.7933079737
Gabon,Mean BMI,1988,22.2793107325
Gambia,Mean BMI,1988,20.2909058403
Georgia,Mean BMI,1988,24.9184549658
Germany,Mean BMI,1988,25.0885359569
Ghana,Mean BMI,1988,21.23822105
Greece,Mean BMI,1988,26.174676331
Greenland,Mean BMI,1988,24.9687540655
Grenada,Mean BMI,1988,24.0730366393
Guatemala,Mean BMI,1988,23.4895164856
Guinea,Mean BMI,1988,20.6650683937
Guinea Bissau,Mean BMI,1988,20.6525460262
Guyana,Mean BMI,1988,23.5741920491
Haiti,Mean BMI,1988,21.8911294801
Honduras,Mean BMI,1988,23.0986137585
Hungary,Mean BMI,1988,25.5199150948
Iceland,Mean BMI,1988,24.7166301685
India,Mean BMI,1988,19.8410905931
Indonesia,Mean BMI,1988,20.5321712174
Iran,Mean BMI,1988,24.018188973
Iraq,Mean BMI,1988,26.0510594717
Ireland,Mean BMI,1988,25.0738541476
Israel,Mean BMI,1988,25.3157338064
Italy,Mean BMI,1988,24.9354582315
Ivory Coast,Mean BMI,1988,21.6084485775
Jamaica,Mean BMI,1988,24.05289077
Japan,Mean BMI,1988,22.3522924417
Jordan,Mean BMI,1988,26.8144087907
Kazakhstan,Mean BMI,1988,25.1086035668
Kenya,Mean BMI,1988,20.8050009593
Kiribati,Mean BMI,1988,27.0670686046
Kuwait,Mean BMI,1988,27.8953141283
Kyrgyzstan,Mean BMI,1988,23.7011554387
Laos,Mean BMI,1988,19.9602114714
Latvia,Mean BMI,1988,25.1456883754
Lebanon,Mean BMI,1988,25.40227977
Lesotho,Mean BMI,1988,22.9465028645
Liberia,Mean BMI,1988,21.9213190426
Libya,Mean BMI,1988,26.2427546164
Lithuania,Mean BMI,1988,26.0927819546
Luxembourg,Mean BMI,1988,24.9395098507
Macedonia (TFYR),Mean BMI,1988,25.2434810096
Madagascar,Mean BMI,1988,19.8174031344
Malawi,Mean BMI,1988,20.579229133
Malaysia,Mean BMI,1988,22.4305114787
Maldives,Mean BMI,1988,22.1172288916
Mali,Mean BMI,1988,20.1966409282
Malta,Mean BMI,1988,26.6129401424
Marshall Islands,Mean BMI,1988,28.3452871921
Mauritania,Mean BMI,1988,22.2758024949
Mauritius,Mean BMI,1988,23.5657683397
Mexico,Mean BMI,1988,25.2852903743
Micronesia (Federated States of),Mean BMI,1988,27.9192353564
Moldova,Mean BMI,1988,25.2388237113
Mongolia,Mean BMI,1988,23.5122852285
Montenegro,Mean BMI,1988,24.4516954129
Morocco,Mean BMI,1988,23.5078752489
Mozambique,Mean BMI,1988,20.224998865
Myanmar,Mean BMI,1988,20.4839205308
Namibia,Mean BMI,1988,21.9598337501
Nauru,Mean BMI,1988,33.6886959887
Nepal,Mean BMI,1988,19.3139272743
Netherlands,Mean BMI,1988,24.1692864991
New Zealand,Mean BMI,1988,25.3091637667
Nicaragua,Mean BMI,1988,24.5108855216
Niger,Mean BMI,1988,19.7910053031
Nigeria,Mean BMI,1988,21.3499694824
Niue,Mean BMI,1988,29.9940796918
North Korea,Mean BMI,1988,22.5012794199
Norway,Mean BMI,1988,24.8387818974
Occupied Palestinian Territory,Mean BMI,1988,26.2777921591
Oman,Mean BMI,1988,24.5845885214
Pakistan,Mean BMI,1988,21.2491444069
Palau,Mean BMI,1988,28.8734686646
Panama,Mean BMI,1988,24.2156788692
Papua New Guinea,Mean BMI,1988,22.669948341
Paraguay,Mean BMI,1988,23.7178844535
Peru,Mean BMI,1988,24.1429907943
Philippines,Mean BMI,1988,21.287110959
Poland,Mean BMI,1988,25.2975979377
Portugal,Mean BMI,1988,24.8325702055
Puerto Rico,Mean BMI,1988,26.210148362
Qatar,Mean BMI,1988,27.0156414427
Romania,Mean BMI,1988,24.2616541256
Russian Federation,Mean BMI,1988,25.5797997424
Rwanda,Mean BMI,1988,19.6817619065
Saint Kitts and Nevis,Mean BMI,1988,26.1304345413
Saint Lucia,Mean BMI,1988,24.8778978638
Saint Vincent and the Grenadines,Mean BMI,1988,24.2311118716
Samoa,Mean BMI,1988,29.0335562219
Sao Tome and Principe,Mean BMI,1988,22.0302987347
Saudi Arabia,Mean BMI,1988,26.8349763939
Senegal,Mean BMI,1988,21.1541186347
Serbia,Mean BMI,1988,24.963702588
Seychelles,Mean BMI,1988,24.3360751277
Sierra Leone,Mean BMI,1988,21.1092999352
Singapore,Mean BMI,1988,23.3741019998
Slovakia,Mean BMI,1988,25.3106914217
Slovenia,Mean BMI,1988,24.9874994163
Solomon Islands,Mean BMI,1988,23.7153235525
Somalia,Mean BMI,1988,21.0581605681
South Africa,Mean BMI,1988,25.236852348
South Korea,Mean BMI,1988,22.1550212831
Spain,Mean BMI,1988,25.6554587144
Sri Lanka,Mean BMI,1988,20.5814554779
Sudan,Mean BMI,1988,22.1411616339
Suriname,Mean BMI,1988,24.6549187635
Swaziland,Mean BMI,1988,24.3135503134
Sweden,Mean BMI,1988,24.2991307434
Switzerland,Mean BMI,1988,24.284639583
Syrian Arab Republic,Mean BMI,1988,25.8693554106
Taiwan,Mean BMI,1988,22.4872996946
Tajikistan,Mean BMI,1988,23.2333505073
Tanzania,Mean BMI,1988,20.9817447599
Thailand,Mean BMI,1988,21.8874914382
Timor-Leste,Mean BMI,1988,18.9996137118
Togo,Mean BMI,1988,20.6547737911
Tokelau,Mean BMI,1988,29.9814592508
Tonga,Mean BMI,1988,30.129424597
Trinidad and Tobago,Mean BMI,1988,24.7996448858
Tunisia,Mean BMI,1988,24.0937513437
Turkey,Mean BMI,1988,25.4733457183
Turkmenistan,Mean BMI,1988,23.8295742357
Tuvalu,Mean BMI,1988,28.6537456096
Uganda,Mean BMI,1988,20.0229192502
Ukraine,Mean BMI,1988,25.2848753649
United Arab Emirates,Mean BMI,1988,26.8569506241
United Kingdom,Mean BMI,1988,25.0259968356
United States of America,Mean BMI,1988,26.1018395361
Uruguay,Mean BMI,1988,25.1429525156
Uzbekistan,Mean BMI,1988,23.7512803834
Vanuatu,Mean BMI,1988,24.3828819808
Venezuela,Mean BMI,1988,25.3651032539
Vietnam,Mean BMI,1988,19.0430095453
Yemen,Mean BMI,1988,21.1434578865
Zambia,Mean BMI,1988,20.9063781849
Zimbabwe,Mean BMI,1988,22.8373740109
Afghanistan,Mean BMI,1993,21.0064055399
Albania,Mean BMI,1993,24.8581396692
Algeria,Mean BMI,1993,23.754112867
American Samoa,Mean BMI,1993,33.9311234661
Andorra,Mean BMI,1993,26.5861142182
Angola,Mean BMI,1993,20.9482250306
Antigua and Barbuda,Mean BMI,1993,24.5494913297
Argentina,Mean BMI,1993,25.7304736709
Armenia,Mean BMI,1993,25.4355901577
Australia,Mean BMI,1993,25.6216324858
Austria,Mean BMI,1993,24.7065345545
Azerbaijan,Mean BMI,1993,25.1887619941
Bahamas,Mean BMI,1993,26.2236896364
Bahrain,Mean BMI,1993,25.7335599537
Bangladesh,Mean BMI,1993,19.5000823387
Barbados,Mean BMI,1993,26.0451440859
Belarus,Mean BMI,1993,25.3632494292
Belgium,Mean BMI,1993,25.3415155197
Belize,Mean BMI,1993,26.6976561782
Benin,Mean BMI,1993,21.2897350458
Bermuda,Mean BMI,1993,27.0177460633
Bhutan,Mean BMI,1993,21.3362825023
Bolivia,Mean BMI,1993,23.9688451074
Bosnia and Herzegovina,Mean BMI,1993,24.6082594996
Botswana,Mean BMI,1993,23.0081919333
Brazil,Mean BMI,1993,24.3351536384
Brunei Darussalam,Mean BMI,1993,24.680190541
Bulgaria,Mean BMI,1993,25.1684713617
Burkina Faso,Mean BMI,1993,20.3369636447
Burundi,Mean BMI,1993,20.0360783819
Cabo Verde,Mean BMI,1993,22.462309517
Cambodia,Mean BMI,1993,20.1016352862
Cameroon,Mean BMI,1993,22.3083540183
Canada,Mean BMI,1993,25.7969536837
Central African Republic,Mean BMI,1993,20.9279766903
Chad,Mean BMI,1993,20.3765321909
Chile,Mean BMI,1993,26.2659353821
China,Mean BMI,1993,22.1140359373
China (Hong Kong SAR),Mean BMI,1993,23.2482982862
Colombia,Mean BMI,1993,24.2298084773
Comoros,Mean BMI,1993,22.0309012774
Congo,Mean BMI,1993,21.5423900561
Cook Islands,Mean BMI,1993,31.1033438501
Costa Rica,Mean BMI,1993,24.9662333992
Croatia,Mean BMI,1993,25.1732220732
Cuba,Mean BMI,1993,24.1602843851
Cyprus,Mean BMI,1993,25.909176279
Czech Republic,Mean BMI,1993,26.6506638443
Denmark,Mean BMI,1993,24.6270575166
Djibouti,Mean BMI,1993,23.3157350389
Dominica,Mean BMI,1993,24.9956036913
Dominican Republic,Mean BMI,1993,24.2592892986
DR Congo,Mean BMI,1993,20.119131407
Ecuador,Mean BMI,1993,24.6114532676
Egypt,Mean BMI,1993,26.9064553857
El Salvador,Mean BMI,1993,25.0812505885
Equatorial Guinea,Mean BMI,1993,21.9567290806
Eritrea,Mean BMI,1993,19.7543904829
Estonia,Mean BMI,1993,25.1458310723
Ethiopia,Mean BMI,1993,19.3812020279
Fiji,Mean BMI,1993,25.6176130113
Finland,Mean BMI,1993,25.5126663908
France,Mean BMI,1993,24.7678434118
French Polynesia,Mean BMI,1993,29.1741661748
Gabon,Mean BMI,1993,22.963710392
Gambia,Mean BMI,1993,20.9878400694
Georgia,Mean BMI,1993,25.3574924116
Germany,Mean BMI,1993,25.4190691054
Ghana,Mean BMI,1993,21.8330589
Greece,Mean BMI,1993,26.4579188326
Greenland,Mean BMI,1993,25.2932853222
Grenada,Mean BMI,1993,24.5726746257
Guatemala,Mean BMI,1993,24.1459899525
Guinea,Mean BMI,1993,21.1384346666
Guinea Bissau,Mean BMI,1993,21.2955585125
Guyana,Mean BMI,1993,24.0449130633
Haiti,Mean BMI,1993,22.5308612574
Honduras,Mean BMI,1993,23.8514471451
Hungary,Mean BMI,1993,25.7427199938
Iceland,Mean BMI,1993,25.0882580916
India,Mean BMI,1993,20.2144551172
Indonesia,Mean BMI,1993,20.9944750503
Iran,Mean BMI,1993,24.5270287649
Iraq,Mean BMI,1993,26.5318798624
Ireland,Mean BMI,1993,25.6402683175
Israel,Mean BMI,1993,25.6854898214
Italy,Mean BMI,1993,25.1443178919
Ivory Coast,Mean BMI,1993,22.0673445329
Jamaica,Mean BMI,1993,24.6386831749
Japan,Mean BMI,1993,22.4450759407
Jordan,Mean BMI,1993,27.4262072574
Kazakhstan,Mean BMI,1993,25.3855544426
Kenya,Mean BMI,1993,21.325928218
Kiribati,Mean BMI,1993,27.9068283951
Kuwait,Mean BMI,1993,28.2781571161
Kyrgyzstan,Mean BMI,1993,24.1721876636
Laos,Mean BMI,1993,20.4259945487
Latvia,Mean BMI,1993,25.3123957265
Lebanon,Mean BMI,1993,25.9055370233
Lesotho,Mean BMI,1993,23.3458029553
Liberia,Mean BMI,1993,22.6329458794
Libya,Mean BMI,1993,26.6641708811
Lithuania,Mean BMI,1993,26.0818478922
Luxembourg,Mean BMI,1993,25.2339324135
Macedonia (TFYR),Mean BMI,1993,25.4577265285
Madagascar,Mean BMI,1993,20.2381976833
Malawi,Mean BMI,1993,21.1023160096
Malaysia,Mean BMI,1993,23.0365986403
Maldives,Mean BMI,1993,22.6312740545
Mali,Mean BMI,1993,20.7546063668
Malta,Mean BMI,1993,26.789986765
Marshall Islands,Mean BMI,1993,28.8959784051
Mauritania,Mean BMI,1993,22.9534210232
Mauritius,Mean BMI,1993,24.0737354917
Mexico,Mean BMI,1993,25.9864439829
Micronesia (Federated States of),Mean BMI,1993,28.4916850798
Moldova,Mean BMI,1993,25.5440605222
Mongolia,Mean BMI,1993,23.9158335074
Montenegro,Mean BMI,1993,24.8330427468
Morocco,Mean BMI,1993,24.0446347833
Mozambique,Mean BMI,1993,20.8830852437
Myanmar,Mean BMI,1993,20.8562945627
Namibia,Mean BMI,1993,22.374758368
Nauru,Mean BMI,1993,33.8605927672
Nepal,Mean BMI,1993,19.8822111077
Netherlands,Mean BMI,1993,24.5454285032
New Zealand,Mean BMI,1993,25.9018909106
Nicaragua,Mean BMI,1993,25.1138538038
Niger,Mean BMI,1993,20.2193138085
Nigeria,Mean BMI,1993,21.8190554077
Niue,Mean BMI,1993,30.6642342905
North Korea,Mean BMI,1993,22.7423667632
Norway,Mean BMI,1993,25.1604780778
Occupied Palestinian Territory,Mean BMI,1993,26.8276805782
Oman,Mean BMI,1993,25.1595658172
Pakistan,Mean BMI,1993,21.803834873
Palau,Mean BMI,1993,29.3265104456
Panama,Mean BMI,1993,24.8189368157
Papua New Guinea,Mean BMI,1993,23.3402804165
Paraguay,Mean BMI,1993,24.2771424493
Peru,Mean BMI,1993,24.5493154483
Philippines,Mean BMI,1993,21.8231045487
Poland,Mean BMI,1993,25.355862742
Portugal,Mean BMI,1993,25.1607589762
Puerto Rico,Mean BMI,1993,26.8598263425
Qatar,Mean BMI,1993,27.4650368782
Romania,Mean BMI,1993,24.5602944369
Russian Federation,Mean BMI,1993,25.6433309733
Rwanda,Mean BMI,1993,20.1594273987
Saint Kitts and Nevis,Mean BMI,1993,26.6909044873
Saint Lucia,Mean BMI,1993,25.7004013001
Saint Vincent and the Grenadines,Mean BMI,1993,24.7997703663
Samoa,Mean BMI,1993,29.8204917838
Sao Tome and Principe,Mean BMI,1993,22.6623694479
Saudi Arabia,Mean BMI,1993,27.3358905033
Senegal,Mean BMI,1993,21.5849409567
Serbia,Mean BMI,1993,25.1351741747
Seychelles,Mean BMI,1993,24.8589208257
Sierra Leone,Mean BMI,1993,21.5192455159
Singapore,Mean BMI,1993,23.4758950771
Slovakia,Mean BMI,1993,25.4593048291
Slovenia,Mean BMI,1993,25.1794721086
Solomon Islands,Mean BMI,1993,24.315411749
Somalia,Mean BMI,1993,21.5448143324
South Africa,Mean BMI,1993,25.6331447649
South Korea,Mean BMI,1993,22.6827376475
Spain,Mean BMI,1993,25.9158885907
Sri Lanka,Mean BMI,1993,20.9992846535
Sudan,Mean BMI,1993,22.8249990616
Suriname,Mean BMI,1993,25.0045251396
Swaziland,Mean BMI,1993,24.8137746303
Sweden,Mean BMI,1993,24.6493311413
Switzerland,Mean BMI,1993,24.6617174631
Syrian Arab Republic,Mean BMI,1993,26.3814616736
Taiwan,Mean BMI,1993,22.89589441
Tajikistan,Mean BMI,1993,23.6378920835
Tanzania,Mean BMI,1993,21.5210794713
Thailand,Mean BMI,1993,22.3669512052
Timor-Leste,Mean BMI,1993,19.394814475
Togo,Mean BMI,1993,21.2127465336
Tokelau,Mean BMI,1993,30.7740984621
Tonga,Mean BMI,1993,30.8166289531
Trinidad and Tobago,Mean BMI,1993,25.273037792
Tunisia,Mean BMI,1993,24.6076051222
Turkey,Mean BMI,1993,26.1482939599
Turkmenistan,Mean BMI,1993,24.2196855913
Tuvalu,Mean BMI,1993,29.4302646497
Uganda,Mean BMI,1993,20.5396640675
Ukraine,Mean BMI,1993,25.4719302117
United Arab Emirates,Mean BMI,1993,27.2072184362
United Kingdom,Mean BMI,1993,25.5974882779
United States of America,Mean BMI,1993,26.7223625363
Uruguay,Mean BMI,1993,25.4809231393
Uzbekistan,Mean BMI,1993,24.2209860121
Vanuatu,Mean BMI,1993,24.9680345673
Venezuela,Mean BMI,1993,25.8208790515
Vietnam,Mean BMI,1993,19.389041608
Yemen,Mean BMI,1993,21.6917041995
Zambia,Mean BMI,1993,21.2427174112
Zimbabwe,Mean BMI,1993,23.0642486052
Afghanistan,Mean BMI,1998,21.5472100813
Albania,Mean BMI,1998,25.1671699295
Algeria,Mean BMI,1998,24.2382480949
American Samoa,Mean BMI,1998,34.2811164519
Andorra,Mean BMI,1998,26.7692715412
Angola,Mean BMI,1998,21.5138268525
Antigua and Barbuda,Mean BMI,1998,25.0519437788
Argentina,Mean BMI,1998,26.1535444915
Armenia,Mean BMI,1998,25.6456469873
Australia,Mean BMI,1998,26.1737943618
Austria,Mean BMI,1998,24.9854101774
Azerbaijan,Mean BMI,1998,25.5368345286
Bahamas,Mean BMI,1998,26.6660536776
Bahrain,Mean BMI,1998,25.7173626606
Bangladesh,Mean BMI,1998,19.9795248504
Barbados,Mean BMI,1998,26.4191648551
Belarus,Mean BMI,1998,25.6519989664
Belgium,Mean BMI,1998,25.5582558502
Belize,Mean BMI,1998,27.2487722011
Benin,Mean BMI,1998,21.8770910255
Bermuda,Mean BMI,1998,27.3400280063
Bhutan,Mean BMI,1998,21.9848599612
Bolivia,Mean BMI,1998,24.5695841077
Bosnia and Herzegovina,Mean BMI,1998,24.8140489095
Botswana,Mean BMI,1998,23.5188125833
Brazil,Mean BMI,1998,24.7516070203
Brunei Darussalam,Mean BMI,1998,25.1955925006
Bulgaria,Mean BMI,1998,25.3618164215
Burkina Faso,Mean BMI,1998,20.7623288029
Burundi,Mean BMI,1998,20.4656956686
Cabo Verde,Mean BMI,1998,23.092822443
Cambodia,Mean BMI,1998,20.5461614965
Cameroon,Mean BMI,1998,22.8708647245
Canada,Mean BMI,1998,26.268633833
Central African Republic,Mean BMI,1998,21.3669972113
Chad,Mean BMI,1998,20.8127130982
Chile,Mean BMI,1998,26.6302003146
China,Mean BMI,1998,22.3796309508
China (Hong Kong SAR),Mean BMI,1998,23.4557412627
Colombia,Mean BMI,1998,24.7625206342
Comoros,Mean BMI,1998,22.6106187485
Congo,Mean BMI,1998,21.9621617713
Cook Islands,Mean BMI,1998,31.5874734268
Costa Rica,Mean BMI,1998,25.6503875342
Croatia,Mean BMI,1998,25.5565583151
Cuba,Mean BMI,1998,24.5223742934
Cyprus,Mean BMI,1998,26.3031681073
Czech Republic,Mean BMI,1998,26.6501932509
Denmark,Mean BMI,1998,24.918431093
Djibouti,Mean BMI,1998,23.55050279
Dominica,Mean BMI,1998,25.502722452
Dominican Republic,Mean BMI,1998,24.8106991476
DR Congo,Mean BMI,1998,20.5669935379
Ecuador,Mean BMI,1998,25.1996406206
Egypt,Mean BMI,1998,27.545247884
El Salvador,Mean BMI,1998,25.7974657495
Equatorial Guinea,Mean BMI,1998,22.5327967565
Eritrea,Mean BMI,1998,20.0839403464
Estonia,Mean BMI,1998,25.4231321174
Ethiopia,Mean BMI,1998,19.7381490962
Fiji,Mean BMI,1998,26.1999492379
Finland,Mean BMI,1998,25.8084450645
France,Mean BMI,1998,24.9239498905
French Polynesia,Mean BMI,1998,29.3575193041
Gabon,Mean BMI,1998,23.5904407952
Gambia,Mean BMI,1998,21.719572338
Georgia,Mean BMI,1998,25.7761965249
Germany,Mean BMI,1998,25.7722150391
Ghana,Mean BMI,1998,22.4319631327
Greece,Mean BMI,1998,26.739779273
Greenland,Mean BMI,1998,25.6319344244
Grenada,Mean BMI,1998,25.1387939618
Guatemala,Mean BMI,1998,24.7947901151
Guinea,Mean BMI,1998,21.6005958752
Guinea Bissau,Mean BMI,1998,21.8936635163
Guyana,Mean BMI,1998,24.5667629209
Haiti,Mean BMI,1998,23.1815288882
Honduras,Mean BMI,1998,24.5954465004
Hungary,Mean BMI,1998,25.9827168847
Iceland,Mean BMI,1998,25.4666046489
India,Mean BMI,1998,20.5745416389
Indonesia,Mean BMI,1998,21.4675628645
Iran,Mean BMI,1998,25.0312555389
Iraq,Mean BMI,1998,26.9904649186
Ireland,Mean BMI,1998,26.2238365285
Israel,Mean BMI,1998,26.1191039252
Italy,Mean BMI,1998,25.4234313697
Ivory Coast,Mean BMI,1998,22.5388756251
Jamaica,Mean BMI,1998,25.3103646041
Japan,Mean BMI,1998,22.5201786883
Jordan,Mean BMI,1998,27.9471004005
Kazakhstan,Mean BMI,1998,25.6245102617
Kenya,Mean BMI,1998,21.8221318645
Kiribati,Mean BMI,1998,28.5774651607
Kuwait,Mean BMI,1998,28.6472096015
Kyrgyzstan,Mean BMI,1998,24.6536176355
Laos,Mean BMI,1998,20.9136533682
Latvia,Mean BMI,1998,25.5557393183
Lebanon,Mean BMI,1998,26.3609093401
Lesotho,Mean BMI,1998,23.7285198395
Liberia,Mean BMI,1998,22.9375540635
Libya,Mean BMI,1998,27.0469631769
Lithuania,Mean BMI,1998,26.103769171
Luxembourg,Mean BMI,1998,25.5948501615
Macedonia (TFYR),Mean BMI,1998,25.6923859211
Madagascar,Mean BMI,1998,20.563735773
Malawi,Mean BMI,1998,21.5804974793
Malaysia,Mean BMI,1998,23.6868184473
Maldives,Mean BMI,1998,23.1474477615
Mali,Mean BMI,1998,21.3266090584
Malta,Mean BMI,1998,27.0090188614
Marshall Islands,Mean BMI,1998,29.2181375049
Mauritania,Mean BMI,1998,23.542075715
Mauritius,Mean BMI,1998,24.4604524024
Mexico,Mean BMI,1998,26.6257744177
Micronesia (Federated States of),Mean BMI,1998,28.8678081737
Moldova,Mean BMI,1998,25.8578423027
Mongolia,Mean BMI,1998,24.2889034735
Montenegro,Mean BMI,1998,25.2290978736
Morocco,Mean BMI,1998,24.5519897236
Mozambique,Mean BMI,1998,21.3860634649
Myanmar,Mean BMI,1998,21.2323346844
Namibia,Mean BMI,1998,22.7915178799
Nauru,Mean BMI,1998,33.7462916417
Nepal,Mean BMI,1998,20.469947623
Netherlands,Mean BMI,1998,24.9688529288
New Zealand,Mean BMI,1998,26.5320601052
Nicaragua,Mean BMI,1998,25.7055589422
Niger,Mean BMI,1998,20.634117259
Nigeria,Mean BMI,1998,22.2212101278
Niue,Mean BMI,1998,31.1437141509
North Korea,Mean BMI,1998,22.9815779915
Norway,Mean BMI,1998,25.5866686457
Occupied Palestinian Territory,Mean BMI,1998,27.3758996246
Oman,Mean BMI,1998,25.5630969394
Pakistan,Mean BMI,1998,22.3605214104
Palau,Mean BMI,1998,29.5101654608
Panama,Mean BMI,1998,25.4534080715
Papua New Guinea,Mean BMI,1998,23.904358458
Paraguay,Mean BMI,1998,24.8360595937
Peru,Mean BMI,1998,24.9748711484
Philippines,Mean BMI,1998,22.1853573946
Poland,Mean BMI,1998,25.4716294989
Portugal,Mean BMI,1998,25.5179363821
Puerto Rico,Mean BMI,1998,27.2905268126
Qatar,Mean BMI,1998,27.9332164641
Romania,Mean BMI,1998,24.8942980773
Russian Federation,Mean BMI,1998,25.7617495287
Rwanda,Mean BMI,1998,20.657791671
Saint Kitts and Nevis,Mean BMI,1998,27.3076892475
Saint Lucia,Mean BMI,1998,26.6052684053
Saint Vincent and the Grenadines,Mean BMI,1998,25.3847243569
Samoa,Mean BMI,1998,30.4754156064
Sao Tome and Principe,Mean BMI,1998,23.2674761102
Saudi Arabia,Mean BMI,1998,27.7330747997
Senegal,Mean BMI,1998,21.9880268637
Serbia,Mean BMI,1998,25.3153889369
Seychelles,Mean BMI,1998,25.355587455
Sierra Leone,Mean BMI,1998,21.9009452486
Singapore,Mean BMI,1998,23.5454137026
Slovakia,Mean BMI,1998,25.58478826
Slovenia,Mean BMI,1998,25.4060804627
Solomon Islands,Mean BMI,1998,24.8260155148
Somalia,Mean BMI,1998,21.9815119542
South Africa,Mean BMI,1998,26.0166971206
South Korea,Mean BMI,1998,23.0437935198
Spain,Mean BMI,1998,26.1622253591
Sri Lanka,Mean BMI,1998,21.427154659
Sudan,Mean BMI,1998,23.3846766868
Suriname,Mean BMI,1998,25.3910031255
Swaziland,Mean BMI,1998,25.2622351479
Sweden,Mean BMI,1998,25.0762510314
Switzerland,Mean BMI,1998,24.8835570196
Syrian Arab Republic,Mean BMI,1998,26.8910074706
Taiwan,Mean BMI,1998,23.153943993
Tajikistan,Mean BMI,1998,24.0552986928
Tanzania,Mean BMI,1998,21.9753904382
Thailand,Mean BMI,1998,22.799637119
Timor-Leste,Mean BMI,1998,19.7703783086
Togo,Mean BMI,1998,21.7841416002
Tokelau,Mean BMI,1998,31.3819198825
Tonga,Mean BMI,1998,31.2952530728
Trinidad and Tobago,Mean BMI,1998,25.8437496905
Tunisia,Mean BMI,1998,25.1006228871
Turkey,Mean BMI,1998,26.6890971982
Turkmenistan,Mean BMI,1998,24.6663285762
Tuvalu,Mean BMI,1998,29.928331673
Uganda,Mean BMI,1998,20.9809221517
Ukraine,Mean BMI,1998,25.6966318558
United Arab Emirates,Mean BMI,1998,27.5847261709
United Kingdom,Mean BMI,1998,26.184586792
United States of America,Mean BMI,1998,27.4058876438
Uruguay,Mean BMI,1998,25.8410332528
Uzbekistan,Mean BMI,1998,24.7080880354
Vanuatu,Mean BMI,1998,25.4202808809
Venezuela,Mean BMI,1998,26.2199222608
Vietnam,Mean BMI,1998,19.7897496638
Yemen,Mean BMI,1998,22.2431451759
Zambia,Mean BMI,1998,21.4992701916
Zimbabwe,Mean BMI,1998,23.239736817
Afghanistan,Mean BMI,2003,22.0979285442
Albania,Mean BMI,2003,25.5805716852
Algeria,Mean BMI,2003,24.6719529181
American Samoa,Mean BMI,2003,34.3530180986
Andorra,Mean BMI,2003,26.9264470723
Angola,Mean BMI,2003,22.0876411246
Antigua and Barbuda,Mean BMI,2003,25.5615732433
Argentina,Mean BMI,2003,26.589339531
Armenia,Mean BMI,2003,25.8394128934
Australia,Mean BMI,2003,26.651755612
Austria,Mean BMI,2003,25.2583587601
Azerbaijan,Mean BMI,2003,25.9136887589
Bahamas,Mean BMI,2003,27.1057860472
Bahrain,Mean BMI,2003,25.511229463
Bangladesh,Mean BMI,2003,20.4720986059
Barbados,Mean BMI,2003,26.8502368217
Belarus,Mean BMI,2003,26.0202879922
Belgium,Mean BMI,2003,25.7998515142
Belize,Mean BMI,2003,27.8214370241
Benin,Mean BMI,2003,22.4712886152
Bermuda,Mean BMI,2003,27.6898001961
Bhutan,Mean BMI,2003,22.6390662095
Bolivia,Mean BMI,2003,25.1384498295
Bosnia and Herzegovina,Mean BMI,2003,25.0886050136
Botswana,Mean BMI,2003,23.8812436931
Brazil,Mean BMI,2003,25.2103375737
Brunei Darussalam,Mean BMI,2003,25.7220657889
Bulgaria,Mean BMI,2003,25.6543422661
Burkina Faso,Mean BMI,2003,21.2450359769
Burundi,Mean BMI,2003,20.8598980506
Cabo Verde,Mean BMI,2003,23.6635990774
Cambodia,Mean BMI,2003,20.974347878
Cameroon,Mean BMI,2003,23.4448178492
Canada,Mean BMI,2003,26.663963927
Central African Republic,Mean BMI,2003,21.8211516952
Chad,Mean BMI,2003,21.257922189
Chile,Mean BMI,2003,27.0198099855
China,Mean BMI,2003,22.6878043296
China (Hong Kong SAR),Mean BMI,2003,23.6144907576
Colombia,Mean BMI,2003,25.2368247913
Comoros,Mean BMI,2003,23.1688097651
Congo,Mean BMI,2003,22.3865518184
Cook Islands,Mean BMI,2003,32.062189813
Costa Rica,Mean BMI,2003,26.2579249196
Croatia,Mean BMI,2003,26.0749376861
Cuba,Mean BMI,2003,24.8911418439
Cyprus,Mean BMI,2003,26.644370779
Czech Republic,Mean BMI,2003,26.7608191
Denmark,Mean BMI,2003,25.1756563667
Djibouti,Mean BMI,2003,23.749416529
Dominica,Mean BMI,2003,25.9587327863
Dominican Republic,Mean BMI,2003,25.3696232692
DR Congo,Mean BMI,2003,21.0247175542
Ecuador,Mean BMI,2003,25.7902413557
Egypt,Mean BMI,2003,28.1706805023
El Salvador,Mean BMI,2003,26.4471168146
Equatorial Guinea,Mean BMI,2003,23.0355467404
Eritrea,Mean BMI,2003,20.3476575396
Estonia,Mean BMI,2003,25.8354030774
Ethiopia,Mean BMI,2003,20.0367821367
Fiji,Mean BMI,2003,26.7090428585
Finland,Mean BMI,2003,26.0170141872
France,Mean BMI,2003,25.0920051582
French Polynesia,Mean BMI,2003,29.436515386
Gabon,Mean BMI,2003,24.1824047631
Gambia,Mean BMI,2003,22.5092087972
Georgia,Mean BMI,2003,26.229194501
Germany,Mean BMI,2003,26.1009807457
Ghana,Mean BMI,2003,23.0273334625
Greece,Mean BMI,2003,26.9901922123
Greenland,Mean BMI,2003,25.9379642919
Grenada,Mean BMI,2003,25.7230670345
Guatemala,Mean BMI,2003,25.3861420021
Guinea,Mean BMI,2003,22.0834134913
Guinea Bissau,Mean BMI,2003,22.478571283
Guyana,Mean BMI,2003,25.1172503768
Haiti,Mean BMI,2003,23.8304346918
Honduras,Mean BMI,2003,25.3024481849
Hungary,Mean BMI,2003,26.3304026974
Iceland,Mean BMI,2003,25.8101545326
India,Mean BMI,2003,20.9695148786
Indonesia,Mean BMI,2003,21.9441415871
Iran,Mean BMI,2003,25.4826175543
Iraq,Mean BMI,2003,27.4675272553
Ireland,Mean BMI,2003,26.7568023792
Israel,Mean BMI,2003,26.5716156285
Italy,Mean BMI,2003,25.686633626
Ivory Coast,Mean BMI,2003,23.0327534808
Jamaica,Mean BMI,2003,26.0446204923
Japan,Mean BMI,2003,22.6026180263
Jordan,Mean BMI,2003,28.3361650384
Kazakhstan,Mean BMI,2003,25.8521333901
Kenya,Mean BMI,2003,22.2999781194
Kiribati,Mean BMI,2003,29.1599603375
Kuwait,Mean BMI,2003,29.0045478869
Kyrgyzstan,Mean BMI,2003,25.1659739974
Laos,Mean BMI,2003,21.4479767187
Latvia,Mean BMI,2003,25.9239315494
Lebanon,Mean BMI,2003,26.7869178755
Lesotho,Mean BMI,2003,24.1108222224
Liberia,Mean BMI,2003,23.3195633085
Libya,Mean BMI,2003,27.3987533649
Lithuania,Mean BMI,2003,26.2512595472
Luxembourg,Mean BMI,2003,25.936232109
Macedonia (TFYR),Mean BMI,2003,25.9751612429
Madagascar,Mean BMI,2003,20.8152739215
Malawi,Mean BMI,2003,22.016836122
Malaysia,Mean BMI,2003,24.3312514978
Maldives,Mean BMI,2003,23.7502503765
Mali,Mean BMI,2003,21.9447484148
Malta,Mean BMI,2003,27.2197759767
Marshall Islands,Mean BMI,2003,29.4172733973
Mauritania,Mean BMI,2003,24.1118039707
Mauritius,Mean BMI,2003,24.7684676202
Mexico,Mean BMI,2003,27.1369914116
Micronesia (Federated States of),Mean BMI,2003,29.1241984503
Moldova,Mean BMI,2003,26.2581626597
Mongolia,Mean BMI,2003,24.7310438544
Montenegro,Mean BMI,2003,25.6814230259
Morocco,Mean BMI,2003,24.9886935219
Mozambique,Mean BMI,2003,21.8081388315
Myanmar,Mean BMI,2003,21.6099867909
Namibia,Mean BMI,2003,23.2416440201
Nauru,Mean BMI,2003,33.4474858111
Nepal,Mean BMI,2003,21.0766930875
Netherlands,Mean BMI,2003,25.3298415042
New Zealand,Mean BMI,2003,27.1257932456
Nicaragua,Mean BMI,2003,26.2422177216
Niger,Mean BMI,2003,21.0804644809
Nigeria,Mean BMI,2003,22.6274518532
Niue,Mean BMI,2003,31.5365082583
North Korea,Mean BMI,2003,23.2427467437
Norway,Mean BMI,2003,26.0305908032
Occupied Palestinian Territory,Mean BMI,2003,27.8820603989
Oman,Mean BMI,2003,25.7931755528
Pakistan,Mean BMI,2003,22.91270106
Palau,Mean BMI,2003,29.5396597074
Panama,Mean BMI,2003,26.01671203
Papua New Guinea,Mean BMI,2003,24.4125201739
Paraguay,Mean BMI,2003,25.3973682576
Peru,Mean BMI,2003,25.4197971866
Philippines,Mean BMI,2003,22.464944126
Poland,Mean BMI,2003,25.747846678
Portugal,Mean BMI,2003,25.820042431
Puerto Rico,Mean BMI,2003,27.6706396026
Qatar,Mean BMI,2003,28.380621296
Romania,Mean BMI,2003,25.3808849589
Russian Federation,Mean BMI,2003,25.9804567852
Rwanda,Mean BMI,2003,21.1237651056
Saint Kitts and Nevis,Mean BMI,2003,27.9567614476
Saint Lucia,Mean BMI,2003,27.5678911922
Saint Vincent and the Grenadines,Mean BMI,2003,25.9750780496
Samoa,Mean BMI,2003,31.0546999512
Sao Tome and Principe,Mean BMI,2003,23.8662165874
Saudi Arabia,Mean BMI,2003,28.0508593953
Senegal,Mean BMI,2003,22.39431957
Serbia,Mean BMI,2003,25.5618255473
Seychelles,Mean BMI,2003,25.8391224006
Sierra Leone,Mean BMI,2003,22.2809450412
Singapore,Mean BMI,2003,23.599300973
Slovakia,Mean BMI,2003,25.7968751898
Slovenia,Mean BMI,2003,25.7324527172
Solomon Islands,Mean BMI,2003,25.2797393268
Somalia,Mean BMI,2003,22.3834706182
South Africa,Mean BMI,2003,26.4333662797
South Korea,Mean BMI,2003,23.3077724665
Spain,Mean BMI,2003,26.3350055939
Sri Lanka,Mean BMI,2003,21.8684895822
Sudan,Mean BMI,2003,23.8179527676
Suriname,Mean BMI,2003,25.7863335738
Swaziland,Mean BMI,2003,25.7326287317
Sweden,Mean BMI,2003,25.471264861
Switzerland,Mean BMI,2003,25.0447057683
Syrian Arab Republic,Mean BMI,2003,27.365820611
Taiwan,Mean BMI,2003,23.4131237372
Tajikistan,Mean BMI,2003,24.5355073858
Tanzania,Mean BMI,2003,22.3734444462
Thailand,Mean BMI,2003,23.2069388273
Timor-Leste,Mean BMI,2003,20.1413613164
Togo,Mean BMI,2003,22.3937131622
Tokelau,Mean BMI,2003,31.8655367592
Tonga,Mean BMI,2003,31.6324598174
Trinidad and Tobago,Mean BMI,2003,26.4329638314
Tunisia,Mean BMI,2003,25.5253452702
Turkey,Mean BMI,2003,27.1463302127
Turkmenistan,Mean BMI,2003,25.1731179192
Tuvalu,Mean BMI,2003,30.2533116249
Uganda,Mean BMI,2003,21.3960305765
Ukraine,Mean BMI,2003,26.0184380413
United Arab Emirates,Mean BMI,2003,27.9714540832
United Kingdom,Mean BMI,2003,26.6946349418
United States of America,Mean BMI,2003,28.0359490346
Uruguay,Mean BMI,2003,26.2400289795
Uzbekistan,Mean BMI,2003,25.2600164811
Vanuatu,Mean BMI,2003,25.7502371563
Venezuela,Mean BMI,2003,26.5152176153
Vietnam,Mean BMI,2003,20.2537269583
Yemen,Mean BMI,2003,22.7476043591
Zambia,Mean BMI,2003,21.770798944
Zimbabwe,Mean BMI,2003,23.4257669626
Afghanistan,Mean BMI,2008,22.6179637911
Albania,Mean BMI,2008,26.0637840013
Algeria,Mean BMI,2008,25.0577785525
American Samoa,Mean BMI,2008,34.2651145969
Andorra,Mean BMI,2008,26.9908532018
Angola,Mean BMI,2008,22.6321102419
Antigua and Barbuda,Mean BMI,2008,26.0551700459
Argentina,Mean BMI,2008,27.0617591535
Armenia,Mean BMI,2008,26.0619164505
Australia,Mean BMI,2008,26.9893636021
Austria,Mean BMI,2008,25.4838860508
Azerbaijan,Mean BMI,2008,26.3682412571
Bahamas,Mean BMI,2008,27.5173863952
Bahrain,Mean BMI,2008,25.2053724369
Bangladesh,Mean BMI,2008,20.9410084218
Barbados,Mean BMI,2008,27.266351456
Belarus,Mean BMI,2008,26.3692364408
Belgium,Mean BMI,2008,26.0271612492
Belize,Mean BMI,2008,28.3469174134
Benin,Mean BMI,2008,22.9941013918
Bermuda,Mean BMI,2008,28.0298398951
Bhutan,Mean BMI,2008,23.2335951205
Bolivia,Mean BMI,2008,25.709709118
Bosnia and Herzegovina,Mean BMI,2008,25.3999030866
Botswana,Mean BMI,2008,24.1570723693
Brazil,Mean BMI,2008,25.738512719
Brunei Darussalam,Mean BMI,2008,26.2943247622
Bulgaria,Mean BMI,2008,26.0153505575
Burkina Faso,Mean BMI,2008,21.6914439576
Burundi,Mean BMI,2008,21.2088971261
Cabo Verde,Mean BMI,2008,24.1328734065
Cambodia,Mean BMI,2008,21.422359663
Cameroon,Mean BMI,2008,23.9251707684
Canada,Mean BMI,2008,26.9165566517
Central African Republic,Mean BMI,2008,22.2646510111
Chad,Mean BMI,2008,21.6292554442
Chile,Mean BMI,2008,27.4332808248
China,Mean BMI,2008,23.1115066023
China (Hong Kong SAR),Mean BMI,2008,23.8245475016
Colombia,Mean BMI,2008,25.6664574192
Comoros,Mean BMI,2008,23.7073994148
Congo,Mean BMI,2008,22.7761655344
Cook Islands,Mean BMI,2008,32.5037345875
Costa Rica,Mean BMI,2008,26.7874569762
Croatia,Mean BMI,2008,26.6609730236
Cuba,Mean BMI,2008,25.2363417447
Cyprus,Mean BMI,2008,26.8698231831
Czech Republic,Mean BMI,2008,26.9485910049
Denmark,Mean BMI,2008,25.3516867539
Djibouti,Mean BMI,2008,23.9069420597
Dominica,Mean BMI,2008,26.4099257216
Dominican Republic,Mean BMI,2008,25.889435636
DR Congo,Mean BMI,2008,21.4590290194
Ecuador,Mean BMI,2008,26.3903549442
Egypt,Mean BMI,2008,28.7595258883
El Salvador,Mean BMI,2008,26.9737506468
Equatorial Guinea,Mean BMI,2008,23.5039270605
Eritrea,Mean BMI,2008,20.5219333277
Estonia,Mean BMI,2008,26.1979763723
Ethiopia,Mean BMI,2008,20.2723173791
Fiji,Mean BMI,2008,27.1765524211
Finland,Mean BMI,2008,26.1161352849
France,Mean BMI,2008,25.2097886345
French Polynesia,Mean BMI,2008,29.4944069042
Gabon,Mean BMI,2008,24.7121982717
Gambia,Mean BMI,2008,23.232744563
Georgia,Mean BMI,2008,26.76834902
Germany,Mean BMI,2008,26.3988735858
Ghana,Mean BMI,2008,23.505661708
Greece,Mean BMI,2008,27.1899128033
Greenland,Mean BMI,2008,26.1903367419
Grenada,Mean BMI,2008,26.2670330279
Guatemala,Mean BMI,2008,25.8972844986
Guinea,Mean BMI,2008,22.5029057624
Guinea Bissau,Mean BMI,2008,22.9701460938
Guyana,Mean BMI,2008,25.6629140681
Haiti,Mean BMI,2008,24.5048296573
Honduras,Mean BMI,2008,25.9477048105
Hungary,Mean BMI,2008,26.7744490109
Iceland,Mean BMI,2008,26.087178221
India,Mean BMI,2008,21.3266248463
Indonesia,Mean BMI,2008,22.4218735013
Iran,Mean BMI,2008,25.8383203098
Iraq,Mean BMI,2008,27.9749074087
Ireland,Mean BMI,2008,27.1795744974
Israel,Mean BMI,2008,26.983851582
Italy,Mean BMI,2008,25.8398169165
Ivory Coast,Mean BMI,2008,23.4474855786
Jamaica,Mean BMI,2008,26.7689396201
Japan,Mean BMI,2008,22.7120299329
Jordan,Mean BMI,2008,28.6753139583
Kazakhstan,Mean BMI,2008,26.0972420124
Kenya,Mean BMI,2008,22.7388709791
Kiribati,Mean BMI,2008,29.5938847795
Kuwait,Mean BMI,2008,29.3256309164
Kyrgyzstan,Mean BMI,2008,25.7459991419
Laos,Mean BMI,2008,22.0225418072
Latvia,Mean BMI,2008,26.3097801807
Lebanon,Mean BMI,2008,27.1822987556
Lesotho,Mean BMI,2008,24.4809182703
Liberia,Mean BMI,2008,23.7432278422
Libya,Mean BMI,2008,27.7181559675
Lithuania,Mean BMI,2008,26.4309306944
Luxembourg,Mean BMI,2008,26.2223623648
Macedonia (TFYR),Mean BMI,2008,26.3157819314
Madagascar,Mean BMI,2008,21.0256948583
Malawi,Mean BMI,2008,22.3906205235
Malaysia,Mean BMI,2008,24.9266805885
Maldives,Mean BMI,2008,24.4713485014
Mali,Mean BMI,2008,22.4877286128
Malta,Mean BMI,2008,27.3385665526
Marshall Islands,Mean BMI,2008,29.5855638504
Mauritania,Mean BMI,2008,24.5815258797
Mauritius,Mean BMI,2008,25.0129574957
Mexico,Mean BMI,2008,27.5278170235
Micronesia (Federated States of),Mean BMI,2008,29.407552824
Moldova,Mean BMI,2008,26.6518196647
Mongolia,Mean BMI,2008,25.3397976794
Montenegro,Mean BMI,2008,26.1195997736
Morocco,Mean BMI,2008,25.3921724264
Mozambique,Mean BMI,2008,22.1845792309
Myanmar,Mean BMI,2008,22.0102029368
Namibia,Mean BMI,2008,23.6933596391
Nauru,Mean BMI,2008,33.106101679
Nepal,Mean BMI,2008,21.640405292
Netherlands,Mean BMI,2008,25.5809011489
New Zealand,Mean BMI,2008,27.6150379859
Nicaragua,Mean BMI,2008,26.7031246553
Niger,Mean BMI,2008,21.4718546482
Nigeria,Mean BMI,2008,22.9839564595
Niue,Mean BMI,2008,31.911261288
North Korea,Mean BMI,2008,23.5674045713
Norway,Mean BMI,2008,26.4121730778
Occupied Palestinian Territory,Mean BMI,2008,28.339434713
Oman,Mean BMI,2008,26.0058886134
Pakistan,Mean BMI,2008,23.3862441177
Palau,Mean BMI,2008,29.6251545078
Panama,Mean BMI,2008,26.4513371353
Papua New Guinea,Mean BMI,2008,24.9013543977
Paraguay,Mean BMI,2008,25.9630147174
Peru,Mean BMI,2008,25.9110425276
Philippines,Mean BMI,2008,22.7273468992
Poland,Mean BMI,2008,26.147145132
Portugal,Mean BMI,2008,25.9489147103
Puerto Rico,Mean BMI,2008,28.0142747842
Qatar,Mean BMI,2008,28.8283916994
Romania,Mean BMI,2008,26.0123915639
Russian Federation,Mean BMI,2008,26.1834828304
Rwanda,Mean BMI,2008,21.5055291838
Saint Kitts and Nevis,Mean BMI,2008,28.5966379672
Saint Lucia,Mean BMI,2008,28.5255402908
Saint Vincent and the Grenadines,Mean BMI,2008,26.5423449146
Samoa,Mean BMI,2008,31.5956532506
Sao Tome and Principe,Mean BMI,2008,24.3634011301
Saudi Arabia,Mean BMI,2008,28.3211472877
Senegal,Mean BMI,2008,22.713905635
Serbia,Mean BMI,2008,25.8356499456
Seychelles,Mean BMI,2008,26.2821368412
Sierra Leone,Mean BMI,2008,22.5595543636
Singapore,Mean BMI,2008,23.6495279695
Slovakia,Mean BMI,2008,26.089019012
Slovenia,Mean BMI,2008,26.1120199888
Solomon Islands,Mean BMI,2008,25.7096142614
Somalia,Mean BMI,2008,22.738676604
South Africa,Mean BMI,2008,26.8535199417
South Korea,Mean BMI,2008,23.5104743938
Spain,Mean BMI,2008,26.3584630226
Sri Lanka,Mean BMI,2008,22.3513909506
Sudan,Mean BMI,2008,24.1757219275
Suriname,Mean BMI,2008,26.1515349834
Swaziland,Mean BMI,2008,26.2058159291
Sweden,Mean BMI,2008,25.7900427136
Switzerland,Mean BMI,2008,25.1926157754
Syrian Arab Republic,Mean BMI,2008,27.7903142926
Taiwan,Mean BMI,2008,23.7680985093
Tajikistan,Mean BMI,2008,25.1325785619
Tanzania,Mean BMI,2008,22.7297556957
Thailand,Mean BMI,2008,23.6954771749
Timor-Leste,Mean BMI,2008,20.5541969665
Togo,Mean BMI,2008,22.9427805387
Tokelau,Mean BMI,2008,32.2949277095
Tonga,Mean BMI,2008,31.9071056119
Trinidad and Tobago,Mean BMI,2008,26.9678124554
Tunisia,Mean BMI,2008,25.8900159123
Turkey,Mean BMI,2008,27.5208072577
Turkmenistan,Mean BMI,2008,25.7387475165
Tuvalu,Mean BMI,2008,30.5529874714
Uganda,Mean BMI,2008,21.8011795878
Ukraine,Mean BMI,2008,26.3419549499
United Arab Emirates,Mean BMI,2008,28.3198829612
United Kingdom,Mean BMI,2008,27.0428949252
United States of America,Mean BMI,2008,28.5283499256
Uruguay,Mean BMI,2008,26.6961093355
Uzbekistan,Mean BMI,2008,25.9003519675
Vanuatu,Mean BMI,2008,25.9895379752
Venezuela,Mean BMI,2008,26.67484295
Vietnam,Mean BMI,2008,20.8272824733
Yemen,Mean BMI,2008,23.1955778149
Zambia,Mean BMI,2008,22.1034823611
Zimbabwe,Mean BMI,2008,23.6083401261
Afghanistan,Mean BMI,2013,23.1395560487
Albania,Mean BMI,2013,26.5501893232
Algeria,Mean BMI,2013,25.4696589653
American Samoa,Mean BMI,2013,34.1617135882
Andorra,Mean BMI,2013,26.9295313909
Angola,Mean BMI,2013,23.1244149685
Antigua and Barbuda,Mean BMI,2013,26.5690273669
Argentina,Mean BMI,2013,27.5843538579
Armenia,Mean BMI,2013,26.3146624275
Australia,Mean BMI,2013,27.1944186345
Austria,Mean BMI,2013,25.6346005025
Azerbaijan,Mean BMI,2013,26.8831793133
Bahamas,Mean BMI,2013,27.925745507
Bahrain,Mean BMI,2013,24.9693599933
Bangladesh,Mean BMI,2013,21.4270460449
Barbados,Mean BMI,2013,27.6960367344
Belarus,Mean BMI,2013,26.630344818
Belgium,Mean BMI,2013,26.1925495543
Belize,Mean BMI,2013,28.8709819542
Benin,Mean BMI,2013,23.3999985553
Bermuda,Mean BMI,2013,28.3726837544
Bhutan,Mean BMI,2013,23.770094374
Bolivia,Mean BMI,2013,26.3122120857
Bosnia and Herzegovina,Mean BMI,2013,25.7213875713
Botswana,Mean BMI,2013,24.3537283102
Brazil,Mean BMI,2013,26.3610828904
Brunei Darussalam,Mean BMI,2013,26.9270567061
Bulgaria,Mean BMI,2013,26.3893625484
Burkina Faso,Mean BMI,2013,22.0246163547
Burundi,Mean BMI,2013,21.5323188406
Cabo Verde,Mean BMI,2013,24.4534203025
Cambodia,Mean BMI,2013,21.9374005126
Cameroon,Mean BMI,2013,24.2641622045
Canada,Mean BMI,2013,27.0492871423
Central African Republic,Mean BMI,2013,22.6802045383
Chad,Mean BMI,2013,21.8799099961
Chile,Mean BMI,2013,27.8878797483
China,Mean BMI,2013,23.6135568244
China (Hong Kong SAR),Mean BMI,2013,24.0970147472
Colombia,Mean BMI,2013,26.1062156015
Comoros,Mean BMI,2013,24.2365487316
Congo,Mean BMI,2013,23.1131870221
Cook Islands,Mean BMI,2013,32.8913448182
Costa Rica,Mean BMI,2013,27.2548896588
Croatia,Mean BMI,2013,27.2493657268
Cuba,Mean BMI,2013,25.5794244461
Cyprus,Mean BMI,2013,26.9531735856
Czech Republic,Mean BMI,2013,27.1640344471
Denmark,Mean BMI,2013,25.4097616197
Djibouti,Mean BMI,2013,24.0430642696
Dominica,Mean BMI,2013,26.8720011684
Dominican Republic,Mean BMI,2013,26.3665213905
DR Congo,Mean BMI,2013,21.8492002139
Ecuador,Mean BMI,2013,27.0289677882
Egypt,Mean BMI,2013,29.4085844387
El Salvador,Mean BMI,2013,27.4578787797
Equatorial Guinea,Mean BMI,2013,23.9436710047
Eritrea,Mean BMI,2013,20.6600116206
Estonia,Mean BMI,2013,26.4395503767
Ethiopia,Mean BMI,2013,20.4827585871
Fiji,Mean BMI,2013,27.6274466526
Finland,Mean BMI,2013,26.1249132186
France,Mean BMI,2013,25.2141663414
French Polynesia,Mean BMI,2013,29.5648637632
Gabon,Mean BMI,2013,25.1656644427
Gambia,Mean BMI,2013,23.8024250559
Georgia,Mean BMI,2013,27.3921009831
Germany,Mean BMI,2013,26.6267284452
Ghana,Mean BMI,2013,23.8259943905
Greece,Mean BMI,2013,27.2686145004
Greenland,Mean BMI,2013,26.3659842306
Grenada,Mean BMI,2013,26.8056600005
Guatemala,Mean BMI,2013,26.3777946546
Guinea,Mean BMI,2013,22.8103887918
Guinea Bissau,Mean BMI,2013,23.3240871775
Guyana,Mean BMI,2013,26.2241861504
Haiti,Mean BMI,2013,25.139606012
Honduras,Mean BMI,2013,26.5673419609
Hungary,Mean BMI,2013,27.2383742075
Iceland,Mean BMI,2013,26.2788341293
India,Mean BMI,2013,21.6863803202
Indonesia,Mean BMI,2013,22.9309631629
Iran,Mean BMI,2013,26.1530097824
Iraq,Mean BMI,2013,28.5702903593
Ireland,Mean BMI,2013,27.4873643558
Israel,Mean BMI,2013,27.3010063646
Italy,Mean BMI,2013,25.8101306177
Ivory Coast,Mean BMI,2013,23.7246800504
Jamaica,Mean BMI,2013,27.4897490335
Japan,Mean BMI,2013,22.7555515185
Jordan,Mean BMI,2013,29.0604640968
Kazakhstan,Mean BMI,2013,26.3877928419
Kenya,Mean BMI,2013,23.1550296343
Kiribati,Mean BMI,2013,29.9917590465
Kuwait,Mean BMI,2013,29.6929058022
Kyrgyzstan,Mean BMI,2013,26.3880798817
Laos,Mean BMI,2013,22.6328948853
Latvia,Mean BMI,2013,26.6330289033
Lebanon,Mean BMI,2013,27.6174648695
Lesotho,Mean BMI,2013,24.7961915718
Liberia,Mean BMI,2013,24.0388025664
Libya,Mean BMI,2013,28.0810707893
Lithuania,Mean BMI,2013,26.5640939583
Luxembourg,Mean BMI,2013,26.4114259561
Macedonia (TFYR),Mean BMI,2013,26.6909605341
Madagascar,Mean BMI,2013,21.2341044461
Malawi,Mean BMI,2013,22.7266007975
Malaysia,Mean BMI,2013,25.5064450918
Maldives,Mean BMI,2013,25.2420325826
Mali,Mean BMI,2013,22.8840485194
Malta,Mean BMI,2013,27.3181604515
Marshall Islands,Mean BMI,2013,29.7620665301
Mauritania,Mean BMI,2013,24.9014841021
Mauritius,Mean BMI,2013,25.2305714133
Mexico,Mean BMI,2013,27.8942537207
Micronesia (Federated States of),Mean BMI,2013,29.7322796843
Moldova,Mean BMI,2013,26.9836117839
Mongolia,Mean BMI,2013,26.01534147
Montenegro,Mean BMI,2013,26.5019737208
Morocco,Mean BMI,2013,25.848379155
Mozambique,Mean BMI,2013,22.5529106565
Myanmar,Mean BMI,2013,22.4598847937
Namibia,Mean BMI,2013,24.0827594303
Nauru,Mean BMI,2013,32.7930424121
Nepal,Mean BMI,2013,22.2264919264
Netherlands,Mean BMI,2013,25.6808985971
New Zealand,Mean BMI,2013,27.9924228512
Nicaragua,Mean BMI,2013,27.1447194681
Niger,Mean BMI,2013,21.7614304614
Nigeria,Mean BMI,2013,23.2246149859
Niue,Mean BMI,2013,32.3091873593
North Korea,Mean BMI,2013,23.9583030966
Norway,Mean BMI,2013,26.7000399887
Occupied Palestinian Territory,Mean BMI,2013,28.8313177931
Oman,Mean BMI,2013,26.3047286512
Pakistan,Mean BMI,2013,23.8358694621
Palau,Mean BMI,2013,29.6777373866
Panama,Mean BMI,2013,26.8506423688
Papua New Guinea,Mean BMI,2013,25.3945270677
Paraguay,Mean BMI,2013,26.5559768943
Peru,Mean BMI,2013,26.4762986837
Philippines,Mean BMI,2013,23.037962287
Poland,Mean BMI,2013,26.5954426348
Portugal,Mean BMI,2013,25.8721784383
Puerto Rico,Mean BMI,2013,28.3592021906
Qatar,Mean BMI,2013,29.343337261
Romania,Mean BMI,2013,26.7195076573
Russian Federation,Mean BMI,2013,26.2910003614
Rwanda,Mean BMI,2013,21.8345361125
Saint Kitts and Nevis,Mean BMI,2013,29.2409729599
Saint Lucia,Mean BMI,2013,29.5478054414
Saint Vincent and the Grenadines,Mean BMI,2013,27.1022468842
Samoa,Mean BMI,2013,32.145700359
Sao Tome and Principe,Mean BMI,2013,24.703212709
Saudi Arabia,Mean BMI,2013,28.6309798251
Senegal,Mean BMI,2013,22.9133155162
Serbia,Mean BMI,2013,26.0984494135
Seychelles,Mean BMI,2013,26.7030953853
Sierra Leone,Mean BMI,2013,22.6899514269
Singapore,Mean BMI,2013,23.7208668452
Slovakia,Mean BMI,2013,26.4190222312
Slovenia,Mean BMI,2013,26.50593799
Solomon Islands,Mean BMI,2013,26.1574588241
Somalia,Mean BMI,2013,23.0627164921
South Africa,Mean BMI,2013,27.1734981513
South Korea,Mean BMI,2013,23.6937036668
Spain,Mean BMI,2013,26.1883755739
Sri Lanka,Mean BMI,2013,22.8915720754
Sudan,Mean BMI,2013,24.5032669248
Suriname,Mean BMI,2013,26.4987726329
Swaziland,Mean BMI,2013,26.6415144247
Sweden,Mean BMI,2013,26.0326088311
Switzerland,Mean BMI,2013,25.2850497715
Syrian Arab Republic,Mean BMI,2013,28.2436332124
Taiwan,Mean BMI,2013,24.1830803491
Tajikistan,Mean BMI,2013,25.8196120307
Tanzania,Mean BMI,2013,23.0731459408
Thailand,Mean BMI,2013,24.2341602912
Timor-Leste,Mean BMI,2013,21.0485161175
Togo,Mean BMI,2013,23.3760326051
Tokelau,Mean BMI,2013,32.7214657927
Tonga,Mean BMI,2013,32.189864415
Trinidad and Tobago,Mean BMI,2013,27.5021873941
Tunisia,Mean BMI,2013,26.2773802556
Turkey,Mean BMI,2013,27.8895969587
Turkmenistan,Mean BMI,2013,26.361612365
Tuvalu,Mean BMI,2013,30.8687003605
Uganda,Mean BMI,2013,22.2184598791
Ukraine,Mean BMI,2013,26.598744399
United Arab Emirates,Mean BMI,2013,28.6898861379
United Kingdom,Mean BMI,2013,27.2320070792
United States of America,Mean BMI,2013,28.8681981512
Uruguay,Mean BMI,2013,27.2182435987
Uzbekistan,Mean BMI,2013,26.6212381191
Vanuatu,Mean BMI,2013,26.2023101078
Venezuela,Mean BMI,2013,26.7732469896
Vietnam,Mean BMI,2013,21.5167182445
Yemen,Mean BMI,2013,23.6724866258
Zambia,Mean BMI,2013,22.4391592212
Zimbabwe,Mean BMI,2013,23.7647296149
